MESSAGE_TYPE_ID,TRANSMITTED_MESSAGE_ID,CALENDAR_ID,LATITUDE,Lat,LONGITUDE,Long,ADHERENCE,MESSAGE_TIMESTAMP,LOCAL_TIMESTAMP,Trip_Seq,DIRECTION,ODOMETER,SOURCE_HOST,ROUTE_ABBR,NODE_ABBR,FOM,MESSAGE_TYPE_TEXT
12,2764176036,120161001,448629658,44.8629658,-932437104,-93.2437104,0,2016-10-01T13:54:44.770Z,,,,0,2639,,,14,Vehicle Location
12,2764176107,120161001,448629658,44.8629658,-932437104,-93.2437104,0,2016-10-01T13:55:44.767Z,,,,0,2639,,,14,Vehicle Location
12,2764176138,120161001,448629658,44.8629658,-932437104,-93.2437104,0,2016-10-01T13:56:12.973Z,,,,0,2639,,,14,Vehicle Location
12,2764176212,120161001,448629658,44.8629658,-932437104,-93.2437104,7,2016-10-01T13:57:12.970Z,,,,0,2639,,,14,Vehicle Location
12,2764176284,120161001,448629658,44.8629658,-932437104,-93.2437104,6,2016-10-01T13:58:12.970Z,,,,0,2639,,,14,Vehicle Location
12,2764176438,120161001,448629658,44.8629658,-932437104,-93.2437104,4,2016-10-01T14:00:16.787Z,,,,0,2639,,,14,Vehicle Location
16,1051613967,120161001,448629658,44.8629658,-932437104,-93.2437104,3,2016-10-01T14:00:50.890Z,2016-10-01T09:00:50.890Z,1,1,7,2639,921,SOUT,14,Timepoint Crossing
128,1051613988,120161001,448629658,44.8629658,-932437104,-93.2437104,,2016-10-01T14:02:00.373Z,2016-10-01T09:02:00.373Z,2,1,0,2639,921,SOUT,14,Verbose Pass Count
12,2764176574,120161001,448651010,44.865101,-932431925,-93.2431925,3,2016-10-01T14:02:05.287Z,2016-10-01T09:02:00.373Z,3,1,41,2639,921,SOUT,2,Vehicle Location
12,2764176655,120161001,448717633,44.8717633,-932468829,-93.2468829,3,2016-10-01T14:03:05.767Z,2016-10-01T09:02:00.373Z,4,1,96,2639,921,SOUT,2,Vehicle Location
12,2764176739,120161001,448820202,44.8820202,-932450018,-93.2450018,3,2016-10-01T14:04:05.780Z,2016-10-01T09:02:00.373Z,5,1,169,2639,921,SOUT,2,Vehicle Location
12,2764176819,120161001,448900351,44.8900351,-932468148,-93.2468148,3,2016-10-01T14:05:05.780Z,2016-10-01T09:02:00.373Z,6,1,230,2639,921,SOUT,2,Vehicle Location
12,2764176900,120161001,448955576,44.8955576,-932484039,-93.2484039,3,2016-10-01T14:06:05.777Z,2016-10-01T09:02:00.373Z,7,1,299,2639,921,SOUT,2,Vehicle Location
12,2764176980,120161001,448907342,44.8907342,-932649491,-93.2649491,4,2016-10-01T14:07:05.777Z,2016-10-01T09:02:00.373Z,8,1,393,2639,921,SOUT,2,Vehicle Location
12,2764177065,120161001,448976588,44.8976588,-932747744,-93.2747744,5,2016-10-01T14:08:05.773Z,2016-10-01T09:02:00.373Z,9,1,485,2639,921,SOUT,2,Vehicle Location
12,2764177143,120161001,449129895,44.9129895,-932746117,-93.2746117,6,2016-10-01T14:09:05.770Z,2016-10-01T09:02:00.373Z,10,1,590,2639,921,SOUT,2,Vehicle Location
12,2764177218,120161001,449285773,44.9285773,-932745071,-93.2745071,7,2016-10-01T14:10:05.787Z,2016-10-01T09:02:00.373Z,11,1,697,2639,921,SOUT,2,Vehicle Location
12,2764177292,120161001,449441248,44.9441248,-932746002,-93.2746002,7,2016-10-01T14:11:05.797Z,2016-10-01T09:02:00.373Z,12,1,805,2639,921,SOUT,2,Vehicle Location
12,2764177368,120161001,449585746,44.9585746,-932691894,-93.2691894,8,2016-10-01T14:12:05.780Z,2016-10-01T09:02:00.373Z,13,1,911,2639,921,SOUT,2,Vehicle Location
12,2764177448,120161001,449657529,44.9657529,-932598619,-93.2598619,9,2016-10-01T14:13:05.780Z,2016-10-01T09:02:00.373Z,14,1,1001,2639,921,SOUT,2,Vehicle Location
12,2764177530,120161001,449757610,44.975761,-932468483,-93.2468483,10,2016-10-01T14:14:05.777Z,2016-10-01T09:02:00.373Z,15,1,1104,2639,921,SOUT,2,Vehicle Location
12,2764177614,120161001,449889761,44.9889761,-932362161,-93.2362161,11,2016-10-01T14:15:05.777Z,2016-10-01T09:02:00.373Z,16,1,1211,2639,921,SOUT,2,Vehicle Location
12,2764177696,120161001,450023901,45.0023901,-932330338,-93.2330338,12,2016-10-01T14:16:05.787Z,2016-10-01T09:02:00.373Z,17,1,1317,2639,921,SOUT,2,Vehicle Location
12,2764177776,120161001,450037227,45.0037227,-932129088,-93.2129088,13,2016-10-01T14:17:05.787Z,2016-10-01T09:02:00.373Z,18,1,1420,2639,921,SOUT,2,Vehicle Location
12,2764177857,120161001,450100792,45.0100792,-931936070,-93.193607,14,2016-10-01T14:18:05.783Z,2016-10-01T09:02:00.373Z,19,1,1528,2639,921,SOUT,2,Vehicle Location
12,2764177941,120161001,450100732,45.0100732,-931717129,-93.1717129,15,2016-10-01T14:19:05.783Z,2016-10-01T09:02:00.373Z,20,1,1635,2639,921,SOUT,2,Vehicle Location
12,2764178024,120161001,450134475,45.0134475,-931667714,-93.1667714,15,2016-10-01T14:20:05.780Z,2016-10-01T09:02:00.373Z,21,1,1704,2639,921,SOUT,2,Vehicle Location
12,2764178105,120161001,450141221,45.0141221,-931686948,-93.1686948,14,2016-10-01T14:21:05.777Z,2016-10-01T09:02:00.373Z,22,1,1736,2639,921,SOUT,2,Vehicle Location
12,2764178191,120161001,450125354,45.0125354,-931684246,-93.1684246,14,2016-10-01T14:22:08.193Z,2016-10-01T09:02:00.373Z,23,1,1750,2639,921,SOUT,2,Vehicle Location
12,2764178278,120161001,450125102,45.0125102,-931684556,-93.1684556,13,2016-10-01T14:23:08.193Z,2016-10-01T09:02:00.373Z,24,1,1750,2639,921,SOUT,2,Vehicle Location
12,2764178363,120161001,450125308,45.0125308,-931684932,-93.1684932,12,2016-10-01T14:24:08.190Z,2016-10-01T09:02:00.373Z,25,1,1750,2639,921,SOUT,2,Vehicle Location
12,2764178450,120161001,450125435,45.0125435,-931685046,-93.1685046,11,2016-10-01T14:25:08.187Z,2016-10-01T09:02:00.373Z,26,1,1750,2639,921,SOUT,2,Vehicle Location
12,2764178536,120161001,450125560,45.012556,-931685331,-93.1685331,10,2016-10-01T14:26:08.187Z,2016-10-01T09:02:00.373Z,27,1,1750,2639,921,SOUT,2,Vehicle Location
12,2764178619,120161001,450125910,45.012591,-931685943,-93.1685943,9,2016-10-01T14:27:08.183Z,2016-10-01T09:02:00.373Z,28,1,1750,2639,921,SOUT,2,Vehicle Location
12,2764178712,120161001,450125811,45.0125811,-931685892,-93.1685892,8,2016-10-01T14:28:10.583Z,2016-10-01T09:02:00.373Z,29,1,1750,2639,921,SOUT,2,Vehicle Location
12,2764178793,120161001,450125784,45.0125784,-931685741,-93.1685741,7,2016-10-01T14:29:10.597Z,2016-10-01T09:02:00.373Z,30,1,1750,2639,921,SOUT,2,Vehicle Location
12,2764178878,120161001,450125663,45.0125663,-931685507,-93.1685507,6,2016-10-01T14:30:10.597Z,2016-10-01T09:02:00.373Z,31,1,1750,2639,921,SOUT,2,Vehicle Location
12,2764178965,120161001,450125859,45.0125859,-931685630,-93.168563,5,2016-10-01T14:31:10.593Z,2016-10-01T09:02:00.373Z,32,1,1750,2639,921,SOUT,2,Vehicle Location
12,2764179056,120161001,450125834,45.0125834,-931685444,-93.1685444,4,2016-10-01T14:32:10.593Z,2016-10-01T09:02:00.373Z,33,1,1750,2639,921,SOUT,2,Vehicle Location
12,2764179136,120161001,450125846,45.0125846,-931685390,-93.168539,3,2016-10-01T14:33:10.590Z,2016-10-01T09:02:00.373Z,34,1,1750,2639,921,SOUT,2,Vehicle Location
12,2764179227,120161001,450125773,45.0125773,-931685300,-93.16853,2,2016-10-01T14:34:10.603Z,2016-10-01T09:02:00.373Z,35,1,1750,2639,921,SOUT,2,Vehicle Location
12,2764179316,120161001,450125731,45.0125731,-931685279,-93.1685279,1,2016-10-01T14:35:10.603Z,2016-10-01T09:02:00.373Z,36,1,1750,2639,921,SOUT,2,Vehicle Location
12,2764179391,120161001,450125767,45.0125767,-931685283,-93.1685283,0,2016-10-01T14:36:04.203Z,2016-10-01T09:02:00.373Z,37,1,1750,2639,921,SOUT,2,Vehicle Location
128,1051614774,120161001,450125754,45.0125754,-931684865,-93.1684865,,2016-10-01T14:37:08.197Z,2016-10-01T09:37:08.197Z,38,1,1750,2639,921,SOUT,2,Verbose Pass Count
12,2764179488,120161001,450146449,45.0146449,-931674856,-93.1674856,-1,2016-10-01T14:37:11.847Z,2016-10-01T09:37:08.197Z,39,1,1777,2639,921,SOUT,2,Vehicle Location
12,2764179492,120161001,450143520,45.014352,-931672011,-93.1672011,-1,2016-10-01T14:37:15.403Z,2016-10-01T09:37:08.197Z,40,1,1780,2639,921,SOUT,2,Vehicle Location
12,2764179514,120161001,450122664,45.0122664,-931668393,-93.1668393,-1,2016-10-01T14:37:31.597Z,2016-10-01T09:37:08.197Z,41,1,1794,2639,921,SOUT,2,Vehicle Location
12,2764179516,120161001,450117641,45.0117641,-931667164,-93.1667164,0,2016-10-01T14:37:34.590Z,2016-10-01T09:37:08.197Z,42,1,1798,2639,921,SOUT,2,Vehicle Location
12,2764179565,120161001,450061786,45.0061786,-931666057,-93.1666057,-1,2016-10-01T14:38:06.993Z,2016-10-01T09:37:08.197Z,43,1,1836,2639,921,SOUT,2,Vehicle Location
12,2764179654,120161001,449942245,44.9942245,-931666966,-93.1666966,0,2016-10-01T14:39:09.393Z,2016-10-01T09:37:08.197Z,44,1,1918,2639,921,SOUT,2,Vehicle Location
12,2764179738,120161001,449912112,44.9912112,-931668135,-93.1668135,-1,2016-10-01T14:40:09.407Z,2016-10-01T09:37:08.197Z,45,1,1939,2639,921,SOUT,2,Vehicle Location
16,1051614842,120161001,449908048,44.9908048,-931667658,-93.1667658,-1,2016-10-01T14:40:17.207Z,2016-10-01T09:40:17.207Z,46,1,1942,2639,921,SNLA,2,Timepoint Crossing
128,1051614844,120161001,449912783,44.9912783,-931668219,-93.1668219,,2016-10-01T14:40:21.997Z,2016-10-01T09:40:21.997Z,47,1,1938,2639,921,SNLA,2,Verbose Pass Count
12,2764179760,120161001,449894997,44.9894997,-931668707,-93.1668707,-1,2016-10-01T14:40:25.600Z,2016-10-01T09:40:21.997Z,48,1,1951,2639,921,SNLA,2,Vehicle Location
12,2764179790,120161001,449878830,44.987883,-931671045,-93.1671045,-1,2016-10-01T14:40:41.807Z,2016-10-01T09:40:21.997Z,49,1,1962,2639,921,SNLA,2,Vehicle Location
12,2764179795,120161001,449878725,44.9878725,-931671044,-93.1671044,-1,2016-10-01T14:40:45.410Z,2016-10-01T09:40:21.997Z,50,1,1962,2639,921,SNLA,2,Vehicle Location
12,2764179806,120161001,449874601,44.9874601,-931670992,-93.1670992,-1,2016-10-01T14:40:53.803Z,2016-10-01T09:40:21.997Z,51,1,1965,2639,921,SNLA,2,Vehicle Location
128,1051614879,120161001,449878830,44.987883,-931671045,-93.1671045,,2016-10-01T14:41:22.603Z,2016-10-01T09:41:22.603Z,52,1,1962,2639,921,SNLA,2,Verbose Pass Count
12,2764179848,120161001,449824954,44.9824954,-931670712,-93.1670712,-1,2016-10-01T14:41:26.207Z,2016-10-01T09:41:22.603Z,53,1,1999,2639,921,SNLA,2,Vehicle Location
12,2764179883,120161001,449801416,44.9801416,-931671612,-93.1671612,-1,2016-10-01T14:41:47.203Z,2016-10-01T09:41:22.603Z,54,1,2015,2639,921,SNLA,2,Vehicle Location
12,2764179968,120161001,449719122,44.9719122,-931670783,-93.1670783,-1,2016-10-01T14:42:49.620Z,2016-10-01T09:41:22.603Z,55,1,2072,2639,921,SNLA,2,Vehicle Location
12,2764179985,120161001,449686904,44.9686904,-931670992,-93.1670992,-1,2016-10-01T14:43:06.997Z,2016-10-01T09:41:22.603Z,56,1,2096,2639,921,SNLA,2,Vehicle Location
12,2764180018,120161001,449649724,44.9649724,-931671133,-93.1671133,-1,2016-10-01T14:43:31.007Z,2016-10-01T09:41:22.603Z,57,1,2121,2639,921,SNLA,2,Vehicle Location
12,2764180052,120161001,449622713,44.9622713,-931671152,-93.1671152,-1,2016-10-01T14:43:49.007Z,2016-10-01T09:41:22.603Z,58,1,2140,2639,921,SNLA,2,Vehicle Location
12,2764180143,120161001,449549509,44.9549509,-931670617,-93.1670617,0,2016-10-01T14:44:51.410Z,2016-10-01T09:41:22.603Z,59,1,2189,2639,921,SNLA,2,Vehicle Location
16,1051615007,120161001,449545141,44.9545141,-931670447,-93.1670447,0,2016-10-01T14:45:20.410Z,2016-10-01T09:45:20.410Z,60,1,2193,2639,921,UNSN,2,Timepoint Crossing
128,1051615011,120161001,449549494,44.9549494,-931670597,-93.1670597,,2016-10-01T14:45:26.197Z,2016-10-01T09:45:26.197Z,61,1,2189,2639,921,UNSN,2,Verbose Pass Count
12,2764180200,120161001,449533096,44.9533096,-931670778,-93.1670778,0,2016-10-01T14:45:29.800Z,2016-10-01T09:45:26.197Z,62,1,2201,2639,921,UNSN,2,Vehicle Location
12,2764180300,120161001,449490927,44.9490927,-931670624,-93.1670624,0,2016-10-01T14:46:29.813Z,2016-10-01T09:45:26.197Z,63,1,2230,2639,921,UNSN,2,Vehicle Location
128,1051615100,120161001,449476023,44.9476023,-931670667,-93.1670667,,2016-10-01T14:47:33.400Z,2016-10-01T09:47:33.400Z,64,1,2239,2639,921,UNSN,2,Verbose Pass Count
12,2764180408,120161001,449419837,44.9419837,-931670665,-93.1670665,0,2016-10-01T14:47:37.223Z,2016-10-01T09:47:33.400Z,65,1,2278,2639,921,UNSN,2,Vehicle Location
16,1051615107,120161001,449394210,44.939421,-931670799,-93.1670799,0,2016-10-01T14:47:58.003Z,2016-10-01T09:47:58.003Z,66,1,2296,2639,921,GRSN,2,Timepoint Crossing
12,2764180438,120161001,449385584,44.9385584,-931670736,-93.1670736,0,2016-10-01T14:48:01.607Z,2016-10-01T09:47:58.003Z,67,1,2302,2639,921,GRSN,2,Vehicle Location
12,2764180538,120161001,449294435,44.9294435,-931670670,-93.167067,1,2016-10-01T14:49:04.007Z,2016-10-01T09:47:58.003Z,68,1,2365,2639,921,GRSN,2,Vehicle Location
12,2764180636,120161001,449255571,44.9255571,-931670948,-93.1670948,0,2016-10-01T14:50:07.607Z,2016-10-01T09:47:58.003Z,69,1,2392,2639,921,GRSN,2,Vehicle Location
12,2764180740,120161001,449198939,44.9198939,-931670715,-93.1670715,0,2016-10-01T14:51:07.607Z,2016-10-01T09:47:58.003Z,70,1,2430,2639,921,GRSN,2,Vehicle Location
128,1051615251,120161001,449199113,44.9199113,-931670735,-93.1670735,,2016-10-01T14:52:11.207Z,2016-10-01T09:52:11.207Z,71,1,2430,2639,921,GRSN,2,Verbose Pass Count
12,2764180857,120161001,449179687,44.9179687,-931729976,-93.1729976,0,2016-10-01T14:52:16.013Z,2016-10-01T09:52:11.207Z,72,1,2472,2639,921,GRSN,2,Vehicle Location
16,1051615305,120161001,449179820,44.917982,-931850968,-93.1850968,0,2016-10-01T14:53:40.003Z,2016-10-01T09:53:40.003Z,73,1,2531,2639,921,KEFO,2,Timepoint Crossing
128,1051615308,120161001,449180280,44.918028,-931776095,-93.1776095,,2016-10-01T14:53:44.807Z,2016-10-01T09:53:44.807Z,74,1,2494,2639,921,KEFO,2,Verbose Pass Count
12,2764181031,120161001,449179879,44.9179879,-931872523,-93.1872523,0,2016-10-01T14:53:54.403Z,2016-10-01T09:53:44.807Z,75,1,2541,2639,921,KEFO,2,Vehicle Location
128,1051615357,120161001,449179783,44.9179783,-931903588,-93.1903588,,2016-10-01T14:55:05.210Z,2016-10-01T09:55:05.210Z,76,1,2556,2639,921,KEFO,2,Verbose Pass Count
12,2764181167,120161001,449179378,44.9179378,-931967894,-93.1967894,1,2016-10-01T14:55:09.017Z,2016-10-01T09:55:05.210Z,77,1,2588,2639,921,KEFO,2,Vehicle Location
12,2764181286,120161001,449197138,44.9197138,-932074505,-93.2074505,1,2016-10-01T14:56:11.807Z,2016-10-01T09:55:05.210Z,78,1,2645,2639,921,KEFO,2,Vehicle Location
128,1051615432,120161001,449197930,44.919793,-932080745,-93.2080745,,2016-10-01T14:57:15.423Z,2016-10-01T09:57:15.423Z,79,1,2648,2639,921,KEFO,2,Verbose Pass Count
12,2764181412,120161001,449197644,44.9197644,-932133922,-93.2133922,1,2016-10-01T14:57:19.013Z,2016-10-01T09:57:15.423Z,80,1,2676,2639,921,KEFO,2,Vehicle Location
12,2764181545,120161001,449198705,44.9198705,-932204422,-93.2204422,1,2016-10-01T14:58:22.863Z,2016-10-01T09:57:15.423Z,81,1,2709,2639,921,KEFO,2,Vehicle Location
16,1051615515,120161001,449207426,44.9207426,-932201834,-93.2201834,1,2016-10-01T14:58:47.217Z,2016-10-01T09:58:47.217Z,82,1,2717,2639,921,46HI,2,Timepoint Crossing
12,2764181595,120161001,449209113,44.9209113,-932202966,-93.2202966,1,2016-10-01T14:58:48.527Z,2016-10-01T09:58:47.217Z,83,1,2718,2639,921,46HI,2,Vehicle Location
12,2764181729,120161001,449212294,44.9212294,-932204321,-93.2204321,0,2016-10-01T14:59:49.007Z,2016-10-01T09:58:47.217Z,84,1,2720,2639,921,46HI,2,Vehicle Location
12,2764181862,120161001,449212381,44.9212381,-932204249,-93.2204249,0,2016-10-01T15:00:51.423Z,2016-10-01T09:58:47.217Z,85,1,2720,2639,921,46HI,2,Vehicle Location
12,2764181999,120161001,449212370,44.921237,-932204273,-93.2204273,0,2016-10-01T15:01:51.420Z,2016-10-01T09:58:47.217Z,86,1,2720,2639,921,46HI,2,Vehicle Location
12,2764182122,120161001,449212335,44.9212335,-932204365,-93.2204365,0,2016-10-01T15:02:51.420Z,2016-10-01T09:58:47.217Z,87,1,2720,2639,921,46HI,2,Vehicle Location
12,2764182253,120161001,449212359,44.9212359,-932204544,-93.2204544,0,2016-10-01T15:03:51.417Z,2016-10-01T09:58:47.217Z,88,1,2720,2639,921,46HI,2,Vehicle Location
12,2764182384,120161001,449212162,44.9212162,-932204647,-93.2204647,0,2016-10-01T15:04:51.417Z,2016-10-01T09:58:47.217Z,89,1,2720,2639,921,46HI,2,Vehicle Location
12,2764182518,120161001,449212028,44.9212028,-932204689,-93.2204689,0,2016-10-01T15:05:51.413Z,2016-10-01T09:58:47.217Z,90,1,2720,2639,921,46HI,2,Vehicle Location
12,2764182665,120161001,449212036,44.9212036,-932204651,-93.2204651,0,2016-10-01T15:06:53.813Z,2016-10-01T09:58:47.217Z,91,1,2720,2639,921,46HI,14,Vehicle Location
12,2764182801,120161001,449212053,44.9212053,-932204596,-93.2204596,0,2016-10-01T15:07:53.827Z,2016-10-01T09:58:47.217Z,92,1,2720,2639,921,46HI,2,Vehicle Location
12,2764182943,120161001,449212041,44.9212041,-932204581,-93.2204581,0,2016-10-01T15:08:53.827Z,2016-10-01T09:58:47.217Z,93,1,2720,2639,921,46HI,2,Vehicle Location
12,2764183079,120161001,449212047,44.9212047,-932204602,-93.2204602,0,2016-10-01T15:09:53.823Z,2016-10-01T09:58:47.217Z,94,1,2720,2639,921,46HI,2,Vehicle Location
16,1051616973,120161001,449209469,44.9209469,-932208789,-93.2208789,0,2016-10-01T15:10:26.333Z,2016-10-01T10:10:26.333Z,1,4,2724,2639,921,46HI,2,Timepoint Crossing
128,1051616975,120161001,449212333,44.9212333,-932204592,-93.2204592,,2016-10-01T15:10:31.030Z,2016-10-01T10:10:31.030Z,2,4,2720,2639,921,46HI,2,Verbose Pass Count
12,2764183174,120161001,449204333,44.9204333,-932205511,-93.2205511,0,2016-10-01T15:10:34.617Z,2016-10-01T10:10:31.030Z,3,4,2728,2639,921,46HI,2,Vehicle Location
12,2764183322,120161001,449196497,44.9196497,-932185330,-93.218533,-1,2016-10-01T15:11:34.617Z,2016-10-01T10:10:31.030Z,4,4,2741,2639,921,46HI,2,Vehicle Location
12,2764183328,120161001,449196530,44.919653,-932182824,-93.2182824,-1,2016-10-01T15:11:36.627Z,2016-10-01T10:10:31.030Z,5,4,2743,2639,921,46HI,2,Vehicle Location
12,2764183376,120161001,449196688,44.9196688,-932152349,-93.2152349,-1,2016-10-01T15:11:54.427Z,2016-10-01T10:10:31.030Z,6,4,2758,2639,921,46HI,2,Vehicle Location
12,2764183532,120161001,449197327,44.9197327,-932077489,-93.2077489,-1,2016-10-01T15:12:56.827Z,2016-10-01T10:10:31.030Z,7,4,2794,2639,921,46HI,2,Vehicle Location
12,2764183549,120161001,449197023,44.9197023,-932075227,-93.2075227,-1,2016-10-01T15:13:01.617Z,2016-10-01T10:10:31.030Z,8,4,2795,2639,921,46HI,2,Vehicle Location
12,2764183642,120161001,449178756,44.9178756,-932022781,-93.2022781,-1,2016-10-01T15:13:37.233Z,2016-10-01T10:10:31.030Z,9,4,2828,2639,921,46HI,2,Vehicle Location
16,1051617248,120161001,449179101,44.9179101,-931844418,-93.1844418,0,2016-10-01T15:15:43.623Z,2016-10-01T10:15:43.623Z,10,4,2915,2639,921,KEFO,2,Timepoint Crossing
12,2764184001,120161001,449179977,44.9179977,-931774754,-93.1774754,0,2016-10-01T15:15:54.437Z,2016-10-01T10:15:43.623Z,11,4,2948,2639,921,KEFO,2,Vehicle Location
12,2764184155,120161001,449179772,44.9179772,-931691325,-93.1691325,0,2016-10-01T15:16:56.837Z,2016-10-01T10:15:43.623Z,12,4,2989,2639,921,KEFO,2,Vehicle Location
12,2764184318,120161001,449201052,44.9201052,-931669028,-93.1669028,0,2016-10-01T15:17:56.833Z,2016-10-01T10:15:43.623Z,13,4,3013,2639,921,KEFO,2,Vehicle Location
128,1051617386,120161001,449201064,44.9201064,-931669012,-93.1669012,,2016-10-01T15:19:00.437Z,2016-10-01T10:19:00.437Z,14,4,3013,2639,921,KEFO,2,Verbose Pass Count
12,2764184501,120161001,449268333,44.9268333,-931669373,-93.1669373,0,2016-10-01T15:19:04.147Z,2016-10-01T10:19:00.437Z,15,4,3060,2639,921,KEFO,2,Vehicle Location
128,1051617450,120161001,449272666,44.9272666,-931669386,-93.1669386,,2016-10-01T15:20:11.820Z,2016-10-01T10:20:11.820Z,16,4,3062,2639,921,KEFO,2,Verbose Pass Count
12,2764184705,120161001,449313682,44.9313682,-931669827,-93.1669827,-1,2016-10-01T15:20:19.027Z,2016-10-01T10:20:11.820Z,17,4,3091,2639,921,KEFO,2,Vehicle Location
12,2764184877,120161001,449397028,44.9397028,-931669351,-93.1669351,0,2016-10-01T15:21:21.430Z,2016-10-01T10:20:11.820Z,18,4,3148,2639,921,KEFO,2,Vehicle Location
16,1051617507,120161001,449401449,44.9401449,-931669459,-93.1669459,-1,2016-10-01T15:21:39.430Z,2016-10-01T10:21:39.430Z,19,4,3151,2639,921,GRSN,2,Timepoint Crossing
128,1051617512,120161001,449398007,44.9398007,-931669316,-93.1669316,,2016-10-01T15:21:44.440Z,2016-10-01T10:21:44.440Z,20,4,3148,2639,921,GRSN,2,Verbose Pass Count
12,2764184952,120161001,449412595,44.9412595,-931669658,-93.1669658,0,2016-10-01T15:21:47.823Z,2016-10-01T10:21:44.440Z,21,4,3159,2639,921,GRSN,2,Vehicle Location
12,2764185116,120161001,449468455,44.9468455,-931669288,-93.1669288,0,2016-10-01T15:22:47.823Z,2016-10-01T10:21:44.440Z,22,4,3197,2639,921,GRSN,2,Vehicle Location
12,2764185292,120161001,449543423,44.9543423,-931669112,-93.1669112,1,2016-10-01T15:23:50.237Z,2016-10-01T10:21:44.440Z,23,4,3248,2639,921,GRSN,2,Vehicle Location
16,1051617673,120161001,449555511,44.9555511,-931669472,-93.1669472,0,2016-10-01T15:25:11.063Z,2016-10-01T10:25:11.063Z,24,4,3257,2639,921,UNSN,2,Timepoint Crossing
128,1051617678,120161001,449551364,44.9551364,-931669064,-93.1669064,,2016-10-01T15:25:15.430Z,2016-10-01T10:25:15.430Z,25,4,3254,2639,921,UNSN,14,Verbose Pass Count
12,2764185550,120161001,449564226,44.9564226,-931669506,-93.1669506,0,2016-10-01T15:25:19.033Z,2016-10-01T10:25:15.430Z,26,4,3264,2639,921,UNSN,2,Vehicle Location
12,2764185724,120161001,449632010,44.963201,-931669681,-93.1669681,0,2016-10-01T15:26:19.033Z,2016-10-01T10:25:15.430Z,27,4,3309,2639,921,UNSN,2,Vehicle Location
128,1051617774,120161001,449631998,44.9631998,-931669702,-93.1669702,,2016-10-01T15:27:22.853Z,2016-10-01T10:27:22.853Z,28,4,3309,2639,921,UNSN,2,Verbose Pass Count
12,2764185901,120161001,449666454,44.9666454,-931669660,-93.166966,0,2016-10-01T15:27:26.237Z,2016-10-01T10:27:22.853Z,29,4,3333,2639,921,UNSN,2,Vehicle Location
12,2764186083,120161001,449763035,44.9763035,-931666334,-93.1666334,0,2016-10-01T15:28:29.073Z,2016-10-01T10:27:22.853Z,30,4,3399,2639,921,UNSN,2,Vehicle Location
12,2764186264,120161001,449808393,44.9808393,-931669368,-93.1669368,0,2016-10-01T15:29:33.083Z,2016-10-01T10:27:22.853Z,31,4,3431,2639,921,UNSN,2,Vehicle Location
12,2764186437,120161001,449861279,44.9861279,-931668825,-93.1668825,0,2016-10-01T15:30:33.657Z,2016-10-01T10:27:22.853Z,32,4,3467,2639,921,UNSN,2,Vehicle Location
128,1051617968,120161001,449861339,44.9861339,-931668843,-93.1668843,,2016-10-01T15:31:37.150Z,2016-10-01T10:31:37.150Z,33,4,3467,2639,921,UNSN,2,Verbose Pass Count
12,2764186637,120161001,449923287,44.9923287,-931665095,-93.1665095,-1,2016-10-01T15:31:40.643Z,2016-10-01T10:31:37.150Z,34,4,3511,2639,921,UNSN,2,Vehicle Location
16,1051617974,120161001,449925039,44.9925039,-931665092,-93.1665092,-1,2016-10-01T15:31:43.263Z,2016-10-01T10:31:43.263Z,35,4,3513,2639,921,SNLA,2,Timepoint Crossing
12,2764186659,120161001,449934061,44.9934061,-931665045,-93.1665045,-1,2016-10-01T15:31:46.633Z,2016-10-01T10:31:43.263Z,36,4,3518,2639,921,SNLA,2,Vehicle Location
12,2764186832,120161001,450048093,45.0048093,-931663451,-93.1663451,0,2016-10-01T15:32:46.633Z,2016-10-01T10:31:43.263Z,37,4,3596,2639,921,SNLA,2,Vehicle Location
12,2764187022,120161001,450137053,45.0137053,-931668774,-93.1668774,0,2016-10-01T15:33:49.250Z,2016-10-01T10:31:43.263Z,38,4,3658,2639,921,SNLA,2,Vehicle Location
12,2764187211,120161001,450141958,45.0141958,-931686994,-93.1686994,0,2016-10-01T15:34:49.857Z,2016-10-01T10:31:43.263Z,39,4,3688,2639,921,SNLA,2,Vehicle Location
16,1051619372,120161001,450131900,45.01319,-931681924,-93.1681924,0,2016-10-01T15:35:13.850Z,2016-10-01T10:35:13.850Z,40,4,3697,2639,921,ROSE,2,Timepoint Crossing
12,2764187290,120161001,450131172,45.0131172,-931680935,-93.1680935,0,2016-10-01T15:35:14.833Z,2016-10-01T10:35:13.850Z,41,4,3698,2639,921,ROSE,14,Vehicle Location
12,2764187468,120161001,450126718,45.0126718,-931683705,-93.1683705,0,2016-10-01T15:36:14.847Z,2016-10-01T10:35:13.850Z,42,4,3701,2639,921,ROSE,2,Vehicle Location
12,2764187650,120161001,450126643,45.0126643,-931683759,-93.1683759,0,2016-10-01T15:37:14.847Z,2016-10-01T10:35:13.850Z,43,4,3701,2639,921,ROSE,2,Vehicle Location
12,2764187828,120161001,450126618,45.0126618,-931683789,-93.1683789,0,2016-10-01T15:38:14.843Z,2016-10-01T10:35:13.850Z,44,4,3701,2639,921,ROSE,2,Vehicle Location
12,2764188011,120161001,450126543,45.0126543,-931683747,-93.1683747,0,2016-10-01T15:39:14.840Z,2016-10-01T10:35:13.850Z,45,4,3701,2639,921,ROSE,2,Vehicle Location
12,2764188194,120161001,450126626,45.0126626,-931683822,-93.1683822,0,2016-10-01T15:40:14.840Z,2016-10-01T10:35:13.850Z,46,4,3701,2639,921,ROSE,2,Vehicle Location
12,2764188397,120161001,450126658,45.0126658,-931683831,-93.1683831,0,2016-10-01T15:41:14.837Z,2016-10-01T10:35:13.850Z,47,4,3701,2639,921,ROSE,2,Vehicle Location
12,2764188597,120161001,450126804,45.0126804,-931683652,-93.1683652,0,2016-10-01T15:42:14.850Z,2016-10-01T10:35:13.850Z,48,4,3701,2639,921,ROSE,2,Vehicle Location
12,2764188798,120161001,450126911,45.0126911,-931683557,-93.1683557,0,2016-10-01T15:43:14.847Z,2016-10-01T10:35:13.850Z,49,4,3701,2639,921,ROSE,2,Vehicle Location
12,2764188992,120161001,450126843,45.0126843,-931683451,-93.1683451,0,2016-10-01T15:44:14.847Z,2016-10-01T10:35:13.850Z,50,4,3701,2639,921,ROSE,2,Vehicle Location
12,2764189187,120161001,450125903,45.0125903,-931684867,-93.1684867,0,2016-10-01T15:45:14.843Z,2016-10-01T10:35:13.850Z,51,4,3702,2639,921,ROSE,2,Vehicle Location
12,2764189374,120161001,450125794,45.0125794,-931684827,-93.1684827,0,2016-10-01T15:46:14.843Z,2016-10-01T10:35:13.850Z,52,4,3702,2639,921,ROSE,2,Vehicle Location
12,2764189571,120161001,450125839,45.0125839,-931684832,-93.1684832,0,2016-10-01T15:47:14.840Z,2016-10-01T10:35:13.850Z,53,4,3702,2639,921,ROSE,2,Vehicle Location
12,2764189780,120161001,450125839,45.0125839,-931684781,-93.1684781,0,2016-10-01T15:48:14.853Z,2016-10-01T10:35:13.850Z,54,4,3702,2639,921,ROSE,2,Vehicle Location
12,2764189975,120161001,450125895,45.0125895,-931684699,-93.1684699,0,2016-10-01T15:49:14.853Z,2016-10-01T10:35:13.850Z,55,4,3702,2639,921,ROSE,2,Vehicle Location
12,2764190176,120161001,450123170,45.012317,-931682212,-93.1682212,0,2016-10-01T15:50:14.850Z,2016-10-01T10:35:13.850Z,56,4,3704,2639,921,ROSE,2,Vehicle Location
16,1051620262,120161001,450122902,45.0122902,-931681635,-93.1681635,0,2016-10-01T15:50:17.847Z,2016-10-01T10:50:17.847Z,57,1,3704,2639,921,ROSE,2,Timepoint Crossing
128,1051620265,120161001,450126811,45.0126811,-931683851,-93.1683851,,2016-10-01T15:50:23.070Z,2016-10-01T10:50:23.070Z,58,1,3701,2639,921,ROSE,2,Verbose Pass Count
12,2764190214,120161001,450124388,45.0124388,-931677016,-93.1677016,0,2016-10-01T15:50:26.253Z,2016-10-01T10:50:23.070Z,59,1,3707,2639,921,ROSE,2,Vehicle Location
12,2764190429,120161001,450117210,45.011721,-931666991,-93.1666991,0,2016-10-01T15:51:26.250Z,2016-10-01T10:50:23.070Z,60,1,3749,2639,921,ROSE,2,Vehicle Location
12,2764190628,120161001,450008022,45.0008022,-931666017,-93.1666017,0,2016-10-01T15:52:28.463Z,2016-10-01T10:50:23.070Z,1,1,3826,2639,921,ROSE,2,Vehicle Location
12,2764190846,120161001,449912868,44.9912868,-931668212,-93.1668212,1,2016-10-01T15:53:28.900Z,2016-10-01T10:50:23.070Z,2,1,3890,2639,921,ROSE,2,Vehicle Location
16,1051620470,120161001,449907739,44.9907739,-931667755,-93.1667755,0,2016-10-01T15:53:52.050Z,2016-10-01T10:53:52.050Z,3,1,3894,2639,921,SNLA,2,Timepoint Crossing
128,1051620473,120161001,449912810,44.991281,-931668219,-93.1668219,,2016-10-01T15:53:57.307Z,2016-10-01T10:53:57.307Z,4,1,3890,2639,921,SNLA,2,Verbose Pass Count
12,2764190956,120161001,449894848,44.9894848,-931668736,-93.1668736,0,2016-10-01T15:54:00.457Z,2016-10-01T10:53:57.307Z,5,1,3902,2639,921,SNLA,2,Vehicle Location
12,2764191187,120161001,449812015,44.9812015,-931671055,-93.1671055,0,2016-10-01T15:55:02.860Z,2016-10-01T10:53:57.307Z,6,1,3960,2639,921,SNLA,2,Vehicle Location
12,2764191391,120161001,449772918,44.9772918,-931676671,-93.1676671,0,2016-10-01T15:56:02.857Z,2016-10-01T10:53:57.307Z,7,1,3987,2639,921,SNLA,2,Vehicle Location
128,1051620655,120161001,449768829,44.9768829,-931676224,-93.1676224,,2016-10-01T15:57:06.660Z,2016-10-01T10:57:06.660Z,8,1,3989,2639,921,SNLA,2,Verbose Pass Count
12,2764191640,120161001,449711597,44.9711597,-931670891,-93.1670891,-1,2016-10-01T15:57:13.900Z,2016-10-01T10:57:06.660Z,9,1,4029,2639,921,SNLA,2,Vehicle Location
12,2764191852,120161001,449625093,44.9625093,-931671342,-93.1671342,0,2016-10-01T15:58:17.110Z,2016-10-01T10:57:06.660Z,10,1,4089,2639,921,SNLA,2,Vehicle Location
128,1051620741,120161001,449624658,44.9624658,-931671353,-93.1671353,,2016-10-01T15:59:20.853Z,2016-10-01T10:59:20.853Z,11,1,4089,2639,921,SNLA,2,Verbose Pass Count
12,2764192088,120161001,449563479,44.9563479,-931670578,-93.1670578,0,2016-10-01T15:59:24.457Z,2016-10-01T10:59:20.853Z,12,1,4131,2639,921,SNLA,2,Vehicle Location
16,1051621223,120161001,449545191,44.9545191,-931670204,-93.1670204,0,2016-10-01T16:00:05.890Z,2016-10-01T11:00:05.890Z,13,1,4144,2639,921,UNSN,2,Timepoint Crossing
12,2764192258,120161001,449540502,44.9540502,-931670273,-93.1670273,0,2016-10-01T16:00:09.823Z,2016-10-01T11:00:05.890Z,14,1,4147,2639,921,UNSN,2,Vehicle Location
12,2764192492,120161001,449481133,44.9481133,-931670506,-93.1670506,0,2016-10-01T16:01:12.677Z,2016-10-01T11:00:05.890Z,15,1,4188,2639,921,UNSN,2,Vehicle Location
12,2764192725,120161001,449434289,44.9434289,-931670302,-93.1670302,0,2016-10-01T16:02:15.467Z,2016-10-01T11:00:05.890Z,16,1,4220,2639,921,UNSN,2,Vehicle Location
12,2764192934,120161001,449402042,44.9402042,-931670552,-93.1670552,0,2016-10-01T16:03:15.463Z,2016-10-01T11:00:05.890Z,17,1,4242,2639,921,UNSN,2,Vehicle Location
16,1051621433,120161001,449392630,44.939263,-931670630,-93.167063,-1,2016-10-01T16:03:49.470Z,2016-10-01T11:03:49.470Z,18,1,4249,2639,921,GRSN,2,Timepoint Crossing
128,1051621680,120161001,449397645,44.9397645,-931670694,-93.1670694,,2016-10-01T16:03:54.463Z,2016-10-01T11:03:54.463Z,19,1,4244,2639,921,GRSN,2,Verbose Pass Count
12,2764193100,120161001,449376357,44.9376357,-931670660,-93.167066,-1,2016-10-01T16:04:01.873Z,2016-10-01T11:03:54.463Z,20,1,4259,2639,921,GRSN,2,Vehicle Location
128,1051621948,120161001,449344264,44.9344264,-931670787,-93.1670787,,2016-10-01T16:05:05.973Z,2016-10-01T11:05:05.973Z,21,1,4281,2639,921,GRSN,2,Verbose Pass Count
12,2764193347,120161001,449308237,44.9308237,-931670359,-93.1670359,-1,2016-10-01T16:05:10.873Z,2016-10-01T11:05:05.973Z,22,1,4306,2639,921,GRSN,2,Vehicle Location
12,2764193573,120161001,449227930,44.922793,-931670539,-93.1670539,0,2016-10-01T16:06:13.663Z,2016-10-01T11:05:05.973Z,23,1,4362,2639,921,GRSN,2,Vehicle Location
12,2764193797,120161001,449179021,44.9179021,-931706946,-93.1706946,0,2016-10-01T16:07:16.267Z,2016-10-01T11:05:05.973Z,24,1,4412,2639,921,GRSN,2,Vehicle Location
12,2764194046,120161001,449179187,44.9179187,-931835557,-93.1835557,0,2016-10-01T16:08:22.787Z,2016-10-01T11:05:05.973Z,25,1,4475,2639,921,GRSN,2,Vehicle Location
16,1051622144,120161001,449179265,44.9179265,-931852039,-93.1852039,1,2016-10-01T16:08:34.907Z,2016-10-01T11:08:34.907Z,26,1,4483,2639,921,KEFO,2,Timepoint Crossing
12,2764194105,120161001,449179248,44.9179248,-931861796,-93.1861796,1,2016-10-01T16:08:38.463Z,2016-10-01T11:08:34.907Z,27,1,4487,2639,921,KEFO,2,Vehicle Location
128,1051622283,120161001,449179173,44.9179173,-931904470,-93.190447,,2016-10-01T16:10:46.057Z,2016-10-01T11:10:46.057Z,28,1,4508,2639,921,KEFO,2,Verbose Pass Count
12,2764194597,120161001,449182804,44.9182804,-932059773,-93.2059773,1,2016-10-01T16:10:52.280Z,2016-10-01T11:10:46.057Z,29,1,4585,2639,921,KEFO,2,Vehicle Location
12,2764194836,120161001,449197084,44.9197084,-932145307,-93.2145307,2,2016-10-01T16:11:55.070Z,2016-10-01T11:10:46.057Z,30,1,4632,2639,921,KEFO,2,Vehicle Location
12,2764195072,120161001,449196375,44.9196375,-932184299,-93.2184299,1,2016-10-01T16:12:57.877Z,2016-10-01T11:10:46.057Z,31,1,4650,2639,921,KEFO,2,Vehicle Location
16,1051622487,120161001,449207011,44.9207011,-932201871,-93.2201871,1,2016-10-01T16:13:55.877Z,2016-10-01T11:13:55.877Z,32,1,4669,2639,921,46HI,2,Timepoint Crossing
12,2764195291,120161001,449208028,44.9208028,-932202549,-93.2202549,1,2016-10-01T16:13:56.860Z,2016-10-01T11:13:55.877Z,33,1,4670,2639,921,46HI,14,Vehicle Location
12,2764195522,120161001,449212763,44.9212763,-932204878,-93.2204878,0,2016-10-01T16:14:59.463Z,2016-10-01T11:13:55.877Z,34,1,4672,2639,921,46HI,2,Vehicle Location
12,2764195752,120161001,449212759,44.9212759,-932204761,-93.2204761,0,2016-10-01T16:15:59.867Z,2016-10-01T11:13:55.877Z,35,1,4672,2639,921,46HI,2,Vehicle Location
12,2764195977,120161001,449212756,44.9212756,-932204694,-93.2204694,0,2016-10-01T16:16:59.867Z,2016-10-01T11:13:55.877Z,36,1,4672,2639,921,46HI,2,Vehicle Location
12,2764196202,120161001,449212770,44.921277,-932204615,-93.2204615,0,2016-10-01T16:17:59.863Z,2016-10-01T11:13:55.877Z,37,1,4672,2639,921,46HI,2,Vehicle Location
12,2764196435,120161001,449212752,44.9212752,-932204559,-93.2204559,0,2016-10-01T16:18:59.863Z,2016-10-01T11:13:55.877Z,38,1,4672,2639,921,46HI,2,Vehicle Location
12,2764196682,120161001,449212729,44.9212729,-932204525,-93.2204525,0,2016-10-01T16:20:02.263Z,2016-10-01T11:13:55.877Z,39,1,4672,2639,921,46HI,2,Vehicle Location
12,2764196920,120161001,449212722,44.9212722,-932204491,-93.2204491,0,2016-10-01T16:21:02.277Z,2016-10-01T11:13:55.877Z,40,1,4672,2639,921,46HI,2,Vehicle Location
12,2764197164,120161001,449212718,44.9212718,-932204493,-93.2204493,0,2016-10-01T16:22:02.273Z,2016-10-01T11:13:55.877Z,41,1,4672,2639,921,46HI,2,Vehicle Location
12,2764197405,120161001,449212706,44.9212706,-932204506,-93.2204506,0,2016-10-01T16:23:02.320Z,2016-10-01T11:13:55.877Z,42,1,4672,2639,921,46HI,2,Vehicle Location
12,2764197656,120161001,449212688,44.9212688,-932204540,-93.220454,0,2016-10-01T16:24:02.270Z,2016-10-01T11:13:55.877Z,43,1,4672,2639,921,46HI,2,Vehicle Location
12,2764197900,120161001,449212670,44.921267,-932204543,-93.2204543,0,2016-10-01T16:25:02.267Z,2016-10-01T11:13:55.877Z,44,1,4672,2639,921,46HI,2,Vehicle Location
12,2764198134,120161001,449212701,44.9212701,-932204570,-93.220457,0,2016-10-01T16:26:02.280Z,2016-10-01T11:13:55.877Z,45,1,4672,2639,921,46HI,2,Vehicle Location
12,2764198377,120161001,449212759,44.9212759,-932204636,-93.2204636,0,2016-10-01T16:27:02.280Z,2016-10-01T11:13:55.877Z,46,1,4672,2639,921,46HI,2,Vehicle Location
12,2764198622,120161001,449212834,44.9212834,-932204607,-93.2204607,0,2016-10-01T16:28:02.277Z,2016-10-01T11:13:55.877Z,47,1,4672,2639,921,46HI,2,Vehicle Location
12,2764198872,120161001,449213513,44.9213513,-932205953,-93.2205953,0,2016-10-01T16:29:02.277Z,2016-10-01T11:13:55.877Z,48,1,4673,2639,921,46HI,2,Vehicle Location
