<metadata xml:lang="en"><Esri><CreaDate>20220421</CreaDate><CreaTime>13401800</CreaTime><ArcGISFormat>1.0</ArcGISFormat><SyncOnce>FALSE</SyncOnce><DataProperties><lineage><Process ToolSource="c:\program files\arcgis\pro\Resources\ArcToolbox\toolboxes\Data Management Tools.tbx\CreateFeatureclass" Date="20220421" Time="134011">CreateFeatureclass C:\Users\Cole\Desktop\Spring2022\AVLResearch\Data\Linear_Ref_Files\LRF.gdb GTFSShapes Polyline # No No "GEOGCS['GCS_WGS_1984',DATUM['D_WGS_1984',SPHEROID['WGS_1984',6378137.0,298.257223563]],PRIMEM['Greenwich',0.0],UNIT['Degree',0.0174532925199433]];-400 -400 1000000000;-100000 10000;-100000 10000;8.98315284119521E-09;0.001;0.001;IsHighPrecision" # 0 0 0 #</Process><Process ToolSource="c:\program files\arcgis\pro\Resources\ArcToolbox\toolboxes\Data Management Tools.tbx\AddFields" Date="20220421" Time="134012">AddFields C:\Users\Cole\Desktop\Spring2022\AVLResearch\Data\Linear_Ref_Files\LRF.gdb\GTFSShapes "shape_id TEXT # 500 # #;route_id TEXT # 500 # #;agency_id TEXT # 500 # #;route_short_name TEXT # 500 # #;route_long_name TEXT # 500 # #;route_desc TEXT # 500 # #;route_type TEXT # 500 # #;route_url TEXT # 500 # #;route_color TEXT # 500 # #;route_text_color TEXT # 500 # #;route_type_text TEXT # 500 # #"</Process><Process ToolSource="c:\program files\arcgis\pro\Resources\ArcToolbox\toolboxes\Conversion Tools.tbx\GTFSShapesToFeatures" Date="20220421" Time="134015">GTFSShapesToFeatures C:\Users\Cole\Desktop\Spring2022\AVLResearch\Data\GTFS_Query\shapes.txt C:\Users\Cole\Desktop\Spring2022\AVLResearch\Data\Linear_Ref_Files\LRF.gdb\GTFSShapes</Process><Process ToolSource="c:\program files\arcgis\pro\Resources\ArcToolbox\toolboxes\Data Management Tools.tbx\Project" Date="20220421" Time="134018">Project C:\Users\Cole\Desktop\Spring2022\AVLResearch\Data\Linear_Ref_Files\LRF.gdb\GTFSShapes C:\Users\Cole\Desktop\Spring2022\AVLResearch\Data\Linear_Ref_Files\LRF.gdb\GTFS_Shapes_Proj PROJCS['NAD_1983_NSRS2007_StatePlane_Minnesota_Central_FIPS_2202',GEOGCS['GCS_NAD_1983_NSRS2007',DATUM['D_NAD_1983_NSRS2007',SPHEROID['GRS_1980',6378137.0,298.257222101]],PRIMEM['Greenwich',0.0],UNIT['Degree',0.0174532925199433]],PROJECTION['Lambert_Conformal_Conic'],PARAMETER['False_Easting',800000.0],PARAMETER['False_Northing',100000.0],PARAMETER['Central_Meridian',-94.25],PARAMETER['Standard_Parallel_1',45.61666666666667],PARAMETER['Standard_Parallel_2',47.05],PARAMETER['Latitude_Of_Origin',45.0],UNIT['Meter',1.0]] 'WGS_1984_(ITRF08)_To_NAD_1983_2011 + NAD_1983_NSRS2007_To_NAD_1983_2011' GEOGCS['GCS_WGS_1984',DATUM['D_WGS_1984',SPHEROID['WGS_1984',6378137.0,298.257223563]],PRIMEM['Greenwich',0.0],UNIT['Degree',0.0174532925199433]] NO_PRESERVE_SHAPE # NO_VERTICAL</Process><Process ToolSource="c:\program files\arcgis\pro\Resources\ArcToolbox\toolboxes\Data Management Tools.tbx\CopyFeatures" Date="20220421" Time="134028">CopyFeatures GTFS_Shapes_Proj_Layer2 C:\Users\Cole\Desktop\Spring2022\AVLResearch\Data\Linear_Ref_Files\LRF.gdb\GTFS_Shapes_Proj_N # # # #</Process><Process ToolSource="c:\program files\arcgis\pro\Resources\ArcToolbox\toolboxes\Linear Referencing Tools.tbx\CreateRoutes" Date="20220421" Time="141656">CreateRoutes C:\Users\Cole\Desktop\Spring2022\AVLResearch\Data\Linear_Ref_Files\LRF.gdb\GTFS_Shapes_Proj_N shape_id C:\Users\Cole\Desktop\Spring2022\AVLResearch\Data\Linear_Ref_Files\create_output_N.shp "Length of features" # # "Lower left corner" 0.00018939394 0 IGNORE INDEX</Process></lineage><itemProps><itemLocation><linkage Sync="TRUE">file://\\DESKTOP-JTOTD8C\C$\Users\Cole\Desktop\Spring2022\AVLResearch\Data\Linear_Ref_Files\create_output_N.shp</linkage><protocol Sync="TRUE">Local Area Network</protocol></itemLocation><itemName Sync="TRUE">create_output_N</itemName><imsContentType Sync="TRUE">002</imsContentType><itemSize Sync="TRUE">0.000</itemSize></itemProps><coordRef><type Sync="TRUE">Projected</type><geogcsn Sync="TRUE">GCS_NAD_1983_NSRS2007</geogcsn><csUnits Sync="TRUE">Linear Unit: Meter (1.000000)</csUnits><projcsn Sync="TRUE">NAD_1983_NSRS2007_StatePlane_Minnesota_Central_FIPS_2202</projcsn><peXml Sync="TRUE">&lt;ProjectedCoordinateSystem xsi:type='typens:ProjectedCoordinateSystem' xmlns:xsi='http://www.w3.org/2001/XMLSchema-instance' xmlns:xs='http://www.w3.org/2001/XMLSchema' xmlns:typens='http://www.esri.com/schemas/ArcGIS/2.7.0'&gt;&lt;WKT&gt;PROJCS[&amp;quot;NAD_1983_NSRS2007_StatePlane_Minnesota_Central_FIPS_2202&amp;quot;,GEOGCS[&amp;quot;GCS_NAD_1983_NSRS2007&amp;quot;,DATUM[&amp;quot;D_NAD_1983_NSRS2007&amp;quot;,SPHEROID[&amp;quot;GRS_1980&amp;quot;,6378137.0,298.257222101]],PRIMEM[&amp;quot;Greenwich&amp;quot;,0.0],UNIT[&amp;quot;Degree&amp;quot;,0.0174532925199433]],PROJECTION[&amp;quot;Lambert_Conformal_Conic&amp;quot;],PARAMETER[&amp;quot;False_Easting&amp;quot;,800000.0],PARAMETER[&amp;quot;False_Northing&amp;quot;,100000.0],PARAMETER[&amp;quot;Central_Meridian&amp;quot;,-94.25],PARAMETER[&amp;quot;Standard_Parallel_1&amp;quot;,45.61666666666667],PARAMETER[&amp;quot;Standard_Parallel_2&amp;quot;,47.05],PARAMETER[&amp;quot;Latitude_Of_Origin&amp;quot;,45.0],UNIT[&amp;quot;Meter&amp;quot;,1.0],AUTHORITY[&amp;quot;EPSG&amp;quot;,3594]]&lt;/WKT&gt;&lt;XOrigin&gt;-35534500&lt;/XOrigin&gt;&lt;YOrigin&gt;-29988300&lt;/YOrigin&gt;&lt;XYScale&gt;123948303.33073236&lt;/XYScale&gt;&lt;ZOrigin&gt;-100000&lt;/ZOrigin&gt;&lt;ZScale&gt;10000&lt;/ZScale&gt;&lt;MOrigin&gt;-100000&lt;/MOrigin&gt;&lt;MScale&gt;10000&lt;/MScale&gt;&lt;XYTolerance&gt;0.001&lt;/XYTolerance&gt;&lt;ZTolerance&gt;0.001&lt;/ZTolerance&gt;&lt;MTolerance&gt;0.001&lt;/MTolerance&gt;&lt;HighPrecision&gt;true&lt;/HighPrecision&gt;&lt;WKID&gt;3594&lt;/WKID&gt;&lt;LatestWKID&gt;3594&lt;/LatestWKID&gt;&lt;/ProjectedCoordinateSystem&gt;</peXml></coordRef></DataProperties><SyncDate>20220421</SyncDate><SyncTime>14165600</SyncTime><ModDate>20220421</ModDate><ModTime>14165600</ModTime></Esri><dataIdInfo><envirDesc Sync="TRUE">Microsoft Windows 10 Version 10.0 (Build 22000) ; Esri ArcGIS 12.7.3.26828</envirDesc><dataLang><languageCode value="eng" Sync="TRUE"></languageCode><countryCode value="USA" Sync="TRUE"></countryCode></dataLang><idCitation><resTitle Sync="TRUE">create_output_N</resTitle><presForm><PresFormCd value="005" Sync="TRUE"></PresFormCd></presForm></idCitation><spatRpType><SpatRepTypCd value="001" Sync="TRUE"></SpatRepTypCd></spatRpType></dataIdInfo><mdLang><languageCode value="eng" Sync="TRUE"></languageCode><countryCode value="USA" Sync="TRUE"></countryCode></mdLang><distInfo><distFormat><formatName Sync="TRUE">Shapefile</formatName></distFormat><distTranOps><transSize Sync="TRUE">0.000</transSize></distTranOps></distInfo><mdHrLv><ScopeCd value="005" Sync="TRUE"></ScopeCd></mdHrLv><mdHrLvName Sync="TRUE">dataset</mdHrLvName><refSysInfo><RefSystem><refSysID><identCode code="3594" Sync="TRUE"></identCode><idCodeSpace Sync="TRUE">EPSG</idCodeSpace><idVersion Sync="TRUE">6.15(10.0.0)</idVersion></refSysID></RefSystem></refSysInfo><spatRepInfo><VectSpatRep><geometObjs Name="create_output_N"><geoObjTyp><GeoObjTypCd value="002" Sync="TRUE"></GeoObjTypCd></geoObjTyp><geoObjCnt Sync="TRUE">0</geoObjCnt></geometObjs><topLvl><TopoLevCd value="001" Sync="TRUE"></TopoLevCd></topLvl></VectSpatRep></spatRepInfo><spdoinfo><ptvctinf><esriterm Name="create_output_N"><efeatyp Sync="TRUE">Simple</efeatyp><efeageom code="3" Sync="TRUE"></efeageom><esritopo Sync="TRUE">FALSE</esritopo><efeacnt Sync="TRUE">0</efeacnt><spindex Sync="TRUE">FALSE</spindex><linrefer Sync="TRUE">TRUE</linrefer></esriterm></ptvctinf></spdoinfo><eainfo><detailed Name="create_output_N"><enttyp><enttypl Sync="TRUE">create_output_N</enttypl><enttypt Sync="TRUE">Feature Class</enttypt><enttypc Sync="TRUE">0</enttypc></enttyp><attr><attrlabl Sync="TRUE">FID</attrlabl><attalias Sync="TRUE">FID</attalias><attrtype Sync="TRUE">OID</attrtype><attwidth Sync="TRUE">4</attwidth><atprecis Sync="TRUE">0</atprecis><attscale Sync="TRUE">0</attscale><attrdef Sync="TRUE">Internal feature number.</attrdef><attrdefs Sync="TRUE">Esri</attrdefs><attrdomv><udom Sync="TRUE">Sequential unique whole numbers that are automatically generated.</udom></attrdomv></attr><attr><attrlabl Sync="TRUE">Shape</attrlabl><attalias Sync="TRUE">Shape</attalias><attrtype Sync="TRUE">Geometry</attrtype><attwidth Sync="TRUE">0</attwidth><atprecis Sync="TRUE">0</atprecis><attscale Sync="TRUE">0</attscale><attrdef Sync="TRUE">Feature geometry.</attrdef><attrdefs Sync="TRUE">Esri</attrdefs><attrdomv><udom Sync="TRUE">Coordinates defining the features.</udom></attrdomv></attr><attr><attrlabl Sync="TRUE">shape_id</attrlabl><attalias Sync="TRUE">shape_id</attalias><attrtype Sync="TRUE">String</attrtype><attwidth Sync="TRUE">254</attwidth><atprecis Sync="TRUE">0</atprecis><attscale Sync="TRUE">0</attscale></attr></detailed></eainfo><mdDateSt Sync="TRUE">20220421</mdDateSt></metadata>
